DIDE_CODE,vaccine_type,vaccine_scenario,clin_cases_averted,sev_cases_averted,deaths_averted,num_vacc_doses,ISO
100035,3_dose,lowest_coverage,1087,63,11,60782,AGO
100035,4_dose,lowest_coverage,1449,89,15,74135,AGO
100036,3_dose,lowest_coverage,1642,125,21,300541,AGO
100036,4_dose,lowest_coverage,2680,199,34,364987,AGO
100037,3_dose,lowest_coverage,6399,317,54,195951,AGO
100037,4_dose,lowest_coverage,7735,374,64,238606,AGO
100038,3_dose,lowest_coverage,2136,124,21,75828,AGO
100038,4_dose,lowest_coverage,2478,139,24,91616,AGO
100039,3_dose,lowest_coverage,3187,139,24,68708,AGO
100039,4_dose,lowest_coverage,3227,140,24,82837,AGO
100040,3_dose,lowest_coverage,2718,131,22,64877,AGO
100040,4_dose,lowest_coverage,3130,134,23,78870,AGO
100041,3_dose,lowest_coverage,7468,342,58,227371,AGO
100041,4_dose,lowest_coverage,8467,398,68,275452,AGO
100042,3_dose,lowest_coverage,1176,83,14,110017,AGO
100042,4_dose,lowest_coverage,1417,93,16,132843,AGO
100043,3_dose,lowest_coverage,1616,125,21,281193,AGO
100043,4_dose,lowest_coverage,1699,124,21,340772,AGO
100044,3_dose,lowest_coverage,1319,98,17,360530,AGO
100044,4_dose,lowest_coverage,2507,172,29,438323,AGO
100045,3_dose,lowest_coverage,3094,254,43,874601,AGO
100045,4_dose,lowest_coverage,5068,405,69,1057920,AGO
100046,3_dose,lowest_coverage,2315,146,25,131682,AGO
100046,4_dose,lowest_coverage,2956,190,32,159860,AGO
100047,3_dose,lowest_coverage,1056,62,11,65593,AGO
100047,4_dose,lowest_coverage,1139,65,11,79329,AGO
100048,3_dose,lowest_coverage,2115,124,21,130190,AGO
100048,4_dose,lowest_coverage,3203,184,31,156469,AGO
100049,3_dose,lowest_coverage,3244,174,30,96946,AGO
100049,4_dose,lowest_coverage,4441,210,36,117071,AGO
100050,3_dose,lowest_coverage,112,8,1,56646,AGO
100050,4_dose,lowest_coverage,87,7,1,67981,AGO
100051,3_dose,lowest_coverage,3792,203,35,190550,AGO
100051,4_dose,lowest_coverage,5397,278,47,230860,AGO
100052,3_dose,lowest_coverage,1530,89,15,67978,AGO
100052,4_dose,lowest_coverage,2107,114,19,81708,AGO
100176,3_dose,lowest_coverage,1085,77,12,62613,BDI
100176,4_dose,lowest_coverage,1122,79,13,76162,BDI
100177,3_dose,lowest_coverage,603,49,8,98731,BDI
100177,4_dose,lowest_coverage,699,56,9,119749,BDI
100178,3_dose,lowest_coverage,727,56,9,88430,BDI
100178,4_dose,lowest_coverage,795,63,10,106721,BDI
100179,3_dose,lowest_coverage,636,49,8,59803,BDI
100179,4_dose,lowest_coverage,655,51,8,72888,BDI
100180,3_dose,lowest_coverage,3405,146,23,41862,BDI
100180,4_dose,lowest_coverage,3659,156,25,51537,BDI
100181,3_dose,lowest_coverage,2427,139,22,85580,BDI
100181,4_dose,lowest_coverage,3166,181,29,104366,BDI
100182,3_dose,lowest_coverage,3622,197,31,118597,BDI
100182,4_dose,lowest_coverage,4468,248,39,143403,BDI
100183,3_dose,lowest_coverage,4192,213,34,77245,BDI
100183,4_dose,lowest_coverage,4778,238,38,94019,BDI
100184,3_dose,lowest_coverage,2679,171,27,104572,BDI
100184,4_dose,lowest_coverage,3136,201,32,126330,BDI
100185,3_dose,lowest_coverage,8911,406,65,118035,BDI
100185,4_dose,lowest_coverage,10036,435,69,143553,BDI
100186,3_dose,lowest_coverage,1191,85,14,64702,BDI
100186,4_dose,lowest_coverage,1491,101,16,78569,BDI
100187,3_dose,lowest_coverage,819,57,9,38402,BDI
100187,4_dose,lowest_coverage,838,59,9,46700,BDI
100188,3_dose,lowest_coverage,7032,354,56,121640,BDI
100188,4_dose,lowest_coverage,8871,423,67,149228,BDI
100189,3_dose,lowest_coverage,376,27,4,20400,BDI
100189,4_dose,lowest_coverage,449,32,5,24713,BDI
100190,3_dose,lowest_coverage,7005,358,57,123523,BDI
100190,4_dose,lowest_coverage,6973,359,57,150043,BDI
100191,3_dose,lowest_coverage,2163,123,19,59931,BDI
100191,4_dose,lowest_coverage,2434,140,22,72399,BDI
100192,3_dose,lowest_coverage,4356,228,36,79826,BDI
100192,4_dose,lowest_coverage,4795,242,38,96539,BDI
100196,3_dose,lowest_coverage,8634,277,50,94982,BEN
100196,4_dose,lowest_coverage,10983,347,63,116517,BEN
100197,3_dose,lowest_coverage,8267,342,62,99613,BEN
100197,4_dose,lowest_coverage,9030,360,65,120419,BEN
100198,3_dose,lowest_coverage,17062,704,127,207984,BEN
100198,4_dose,lowest_coverage,19712,774,140,250961,BEN
100199,3_dose,lowest_coverage,11203,457,82,133903,BEN
100199,4_dose,lowest_coverage,12996,532,96,163414,BEN
100200,3_dose,lowest_coverage,7330,281,51,98110,BEN
100200,4_dose,lowest_coverage,8769,345,62,118352,BEN
100201,3_dose,lowest_coverage,8867,280,50,63491,BEN
100201,4_dose,lowest_coverage,10246,298,54,76486,BEN
100202,3_dose,lowest_coverage,14384,416,75,100366,BEN
100202,4_dose,lowest_coverage,17203,491,88,121189,BEN
100203,3_dose,lowest_coverage,722,43,8,27829,BEN
100203,4_dose,lowest_coverage,877,53,10,34181,BEN
100204,3_dose,lowest_coverage,6794,186,34,60735,BEN
100204,4_dose,lowest_coverage,8633,245,44,74352,BEN
100205,3_dose,lowest_coverage,6567,332,60,129407,BEN
100205,4_dose,lowest_coverage,6712,339,61,156810,BEN
100206,3_dose,lowest_coverage,5714,257,46,74825,BEN
100206,4_dose,lowest_coverage,6313,287,52,90885,BEN
100207,3_dose,lowest_coverage,9643,392,71,106035,BEN
100207,4_dose,lowest_coverage,10666,422,76,128768,BEN
100211,3_dose,lowest_coverage,43604,1058,175,238521,BFA
100211,4_dose,lowest_coverage,50862,1239,205,291464,BFA
100212,3_dose,lowest_coverage,12628,391,65,89758,BFA
100212,4_dose,lowest_coverage,15277,472,78,109178,BFA
100213,3_dose,lowest_coverage,7514,451,75,306690,BFA
100213,4_dose,lowest_coverage,9883,595,98,370980,BFA
100214,3_dose,lowest_coverage,21729,655,108,187770,BFA
100214,4_dose,lowest_coverage,26529,785,130,228120,BFA
100215,3_dose,lowest_coverage,28278,797,132,193432,BFA
100215,4_dose,lowest_coverage,33219,945,156,234227,BFA
100216,3_dose,lowest_coverage,26349,824,136,192922,BFA
100216,4_dose,lowest_coverage,31013,958,159,236540,BFA
100217,3_dose,lowest_coverage,10670,392,65,107727,BFA
100217,4_dose,lowest_coverage,12518,455,75,130640,BFA
100218,3_dose,lowest_coverage,35937,814,135,198996,BFA
100218,4_dose,lowest_coverage,42869,995,165,241200,BFA
100219,3_dose,lowest_coverage,33126,1096,181,247255,BFA
100219,4_dose,lowest_coverage,38295,1231,204,299718,BFA
100220,3_dose,lowest_coverage,28669,844,140,196487,BFA
100220,4_dose,lowest_coverage,34238,1019,169,237549,BFA
100221,3_dose,lowest_coverage,10798,411,68,113970,BFA
100221,4_dose,lowest_coverage,12498,462,76,138298,BFA
100222,3_dose,lowest_coverage,28941,799,132,158716,BFA
100222,4_dose,lowest_coverage,33226,844,140,193001,BFA
100223,3_dose,lowest_coverage,23540,536,89,100952,BFA
100223,4_dose,lowest_coverage,26315,585,97,121674,BFA
100409,3_dose,lowest_coverage,148,8,1,5273,CAF
100409,4_dose,lowest_coverage,157,9,1,6331,CAF
100410,3_dose,lowest_coverage,1179,43,7,25890,CAF
100410,4_dose,lowest_coverage,1533,57,10,31610,CAF
100411,3_dose,lowest_coverage,2705,70,12,30596,CAF
100411,4_dose,lowest_coverage,3098,77,13,37020,CAF
100412,3_dose,lowest_coverage,486,12,2,6573,CAF
100412,4_dose,lowest_coverage,645,17,3,8023,CAF
100413,3_dose,lowest_coverage,557,23,4,10726,CAF
100413,4_dose,lowest_coverage,575,24,4,13107,CAF
100414,3_dose,lowest_coverage,1002,30,5,14959,CAF
100414,4_dose,lowest_coverage,1283,36,6,18003,CAF
100415,3_dose,lowest_coverage,1926,63,11,30207,CAF
100415,4_dose,lowest_coverage,2484,85,14,36552,CAF
100416,3_dose,lowest_coverage,1853,79,13,44899,CAF
100416,4_dose,lowest_coverage,1978,80,13,54577,CAF
100417,3_dose,lowest_coverage,2820,56,9,19955,CAF
100417,4_dose,lowest_coverage,2676,56,9,24361,CAF
100418,3_dose,lowest_coverage,687,23,4,14189,CAF
100418,4_dose,lowest_coverage,901,32,5,17471,CAF
100419,3_dose,lowest_coverage,1132,39,7,28690,CAF
100419,4_dose,lowest_coverage,842,36,6,35278,CAF
100420,3_dose,lowest_coverage,6768,215,36,91743,CAF
100420,4_dose,lowest_coverage,6079,189,32,111520,CAF
100421,3_dose,lowest_coverage,1880,56,9,34010,CAF
100421,4_dose,lowest_coverage,1945,60,10,41145,CAF
100422,3_dose,lowest_coverage,1833,69,12,45208,CAF
100422,4_dose,lowest_coverage,1851,69,12,54849,CAF
100423,3_dose,lowest_coverage,1298,59,10,52754,CAF
100423,4_dose,lowest_coverage,1483,70,12,63694,CAF
100424,3_dose,lowest_coverage,634,24,4,12471,CAF
100424,4_dose,lowest_coverage,800,31,5,15165,CAF
100425,3_dose,lowest_coverage,110,7,1,6424,CAF
100425,4_dose,lowest_coverage,136,8,1,7914,CAF
100512,3_dose,lowest_coverage,12927,815,150,558259,CIV
100512,4_dose,lowest_coverage,17367,1062,196,673755,CIV
100513,3_dose,lowest_coverage,3963,205,38,75312,CIV
100513,4_dose,lowest_coverage,4401,227,42,90816,CIV
100514,3_dose,lowest_coverage,20190,639,118,165399,CIV
100514,4_dose,lowest_coverage,23733,738,136,200682,CIV
100515,3_dose,lowest_coverage,4303,144,26,38784,CIV
100515,4_dose,lowest_coverage,5213,169,31,47414,CIV
100516,3_dose,lowest_coverage,4297,279,51,204746,CIV
100516,4_dose,lowest_coverage,5221,331,61,248005,CIV
100517,3_dose,lowest_coverage,8421,442,81,171614,CIV
100517,4_dose,lowest_coverage,9259,476,88,207334,CIV
100518,3_dose,lowest_coverage,17454,660,122,202747,CIV
100518,4_dose,lowest_coverage,21331,796,147,244969,CIV
100519,3_dose,lowest_coverage,30158,863,159,222743,CIV
100519,4_dose,lowest_coverage,35138,1004,185,271108,CIV
100520,3_dose,lowest_coverage,24003,1012,186,262747,CIV
100520,4_dose,lowest_coverage,26656,1075,198,320659,CIV
100521,3_dose,lowest_coverage,11349,521,96,175790,CIV
100521,4_dose,lowest_coverage,13119,606,112,211730,CIV
100522,3_dose,lowest_coverage,17807,641,118,193692,CIV
100522,4_dose,lowest_coverage,21893,805,148,238018,CIV
100523,3_dose,lowest_coverage,14267,357,66,82915,CIV
100523,4_dose,lowest_coverage,19233,519,96,101219,CIV
100524,3_dose,lowest_coverage,1498,85,16,45551,CIV
100524,4_dose,lowest_coverage,1547,91,17,55707,CIV
100525,3_dose,lowest_coverage,17535,479,88,118167,CIV
100525,4_dose,lowest_coverage,19777,548,101,144627,CIV
100526,3_dose,lowest_coverage,6800,356,68,124200,CMR
100526,4_dose,lowest_coverage,7735,397,76,150031,CMR
100527,3_dose,lowest_coverage,31471,1327,253,430701,CMR
100527,4_dose,lowest_coverage,35011,1506,287,528042,CMR
100528,3_dose,lowest_coverage,10362,432,82,126462,CMR
100528,4_dose,lowest_coverage,11935,480,92,153155,CMR
100529,3_dose,lowest_coverage,6047,439,84,463555,CMR
100529,4_dose,lowest_coverage,6262,465,89,564825,CMR
100530,3_dose,lowest_coverage,14173,773,147,368410,CMR
100530,4_dose,lowest_coverage,15616,867,165,449301,CMR
100531,3_dose,lowest_coverage,4561,283,54,210212,CMR
100531,4_dose,lowest_coverage,4513,314,60,256452,CMR
100532,3_dose,lowest_coverage,10998,648,124,304066,CMR
100532,4_dose,lowest_coverage,13225,759,145,370335,CMR
100533,3_dose,lowest_coverage,9866,574,109,331396,CMR
100533,4_dose,lowest_coverage,13297,745,142,400430,CMR
100534,3_dose,lowest_coverage,12545,395,75,82849,CMR
100534,4_dose,lowest_coverage,14430,434,83,102918,CMR
100535,3_dose,lowest_coverage,15159,644,123,208894,CMR
100535,4_dose,lowest_coverage,16967,724,138,252039,CMR
100536,3_dose,lowest_coverage,23677,616,111,137246,COD
100536,4_dose,lowest_coverage,27679,685,124,166716,COD
100537,3_dose,lowest_coverage,18241,737,133,209426,COD
100537,4_dose,lowest_coverage,19319,780,141,255265,COD
100538,3_dose,lowest_coverage,38672,1204,217,313708,COD
100538,4_dose,lowest_coverage,44240,1320,238,378720,COD
100539,3_dose,lowest_coverage,33942,1348,243,410390,COD
100539,4_dose,lowest_coverage,40936,1533,276,496325,COD
100540,3_dose,lowest_coverage,170438,4366,787,895158,COD
100540,4_dose,lowest_coverage,198721,5183,935,1077329,COD
100541,3_dose,lowest_coverage,69425,1918,346,571568,COD
100541,4_dose,lowest_coverage,80802,2226,401,691742,COD
100542,3_dose,lowest_coverage,21422,923,166,390015,COD
100542,4_dose,lowest_coverage,23499,1090,196,471836,COD
100543,3_dose,lowest_coverage,29935,1164,210,442515,COD
100543,4_dose,lowest_coverage,34520,1352,244,539652,COD
100544,3_dose,lowest_coverage,15254,910,164,393003,COD
100544,4_dose,lowest_coverage,17306,973,176,474923,COD
100545,3_dose,lowest_coverage,43359,2134,385,959822,COD
100545,4_dose,lowest_coverage,58952,2682,484,1156875,COD
100546,3_dose,lowest_coverage,43040,1512,273,408504,COD
100546,4_dose,lowest_coverage,52324,1855,335,497341,COD
100547,3_dose,lowest_coverage,10016,488,88,238751,COD
100547,4_dose,lowest_coverage,11473,563,102,286874,COD
100548,3_dose,lowest_coverage,22156,1179,213,645617,COD
100548,4_dose,lowest_coverage,26499,1390,251,778419,COD
100549,3_dose,lowest_coverage,40302,1357,245,346823,COD
100549,4_dose,lowest_coverage,48550,1552,280,419123,COD
100550,3_dose,lowest_coverage,44425,1253,226,269276,COD
100550,4_dose,lowest_coverage,51199,1421,256,320836,COD
100551,3_dose,lowest_coverage,23497,838,151,213428,COD
100551,4_dose,lowest_coverage,27523,990,179,257812,COD
100552,3_dose,lowest_coverage,36656,1126,203,271564,COD
100552,4_dose,lowest_coverage,42502,1287,232,329479,COD
100553,3_dose,lowest_coverage,10190,527,95,216272,COD
100553,4_dose,lowest_coverage,12122,591,107,262443,COD
100554,3_dose,lowest_coverage,19695,1154,208,596768,COD
100554,4_dose,lowest_coverage,23094,1333,240,723572,COD
100555,3_dose,lowest_coverage,26545,711,128,154115,COD
100555,4_dose,lowest_coverage,31852,841,152,187852,COD
100556,3_dose,lowest_coverage,19330,918,165,313181,COD
100556,4_dose,lowest_coverage,21834,1039,187,385326,COD
100557,3_dose,lowest_coverage,16545,901,162,406852,COD
100557,4_dose,lowest_coverage,20008,1070,193,491806,COD
100558,3_dose,lowest_coverage,29402,1078,194,297308,COD
100558,4_dose,lowest_coverage,32933,1197,216,357396,COD
100559,3_dose,lowest_coverage,41475,1101,199,285845,COD
100559,4_dose,lowest_coverage,53420,1372,247,344354,COD
100560,3_dose,lowest_coverage,54299,1527,275,371262,COD
100560,4_dose,lowest_coverage,61932,1642,296,446251,COD
100561,3_dose,lowest_coverage,14076,508,92,149178,COD
100561,4_dose,lowest_coverage,16184,544,98,179687,COD
100562,3_dose,lowest_coverage,2514,106,18,43735,COG
100562,4_dose,lowest_coverage,2906,119,21,52838,COG
100563,3_dose,lowest_coverage,5590,231,40,80055,COG
100563,4_dose,lowest_coverage,6294,266,46,97482,COG
100564,3_dose,lowest_coverage,1308,56,10,20586,COG
100564,4_dose,lowest_coverage,1633,67,12,25174,COG
100565,3_dose,lowest_coverage,664,20,4,7868,COG
100565,4_dose,lowest_coverage,769,25,4,9595,COG
100566,3_dose,lowest_coverage,8149,291,50,84154,COG
100566,4_dose,lowest_coverage,9554,329,57,101671,COG
100567,3_dose,lowest_coverage,1154,40,7,11561,COG
100567,4_dose,lowest_coverage,1322,43,7,14026,COG
100568,3_dose,lowest_coverage,1179,41,7,13281,COG
100568,4_dose,lowest_coverage,1384,46,8,16114,COG
100569,3_dose,lowest_coverage,3406,109,19,35336,COG
100569,4_dose,lowest_coverage,4044,128,22,42971,COG
100570,3_dose,lowest_coverage,1619,70,12,26420,COG
100570,4_dose,lowest_coverage,1966,82,14,31911,COG
100571,3_dose,lowest_coverage,1690,78,13,38425,COG
100571,4_dose,lowest_coverage,2189,92,16,46494,COG
100572,3_dose,lowest_coverage,12845,474,82,168455,COG
100572,4_dose,lowest_coverage,15540,576,100,204157,COG
100573,3_dose,lowest_coverage,1217,36,6,10975,COG
100573,4_dose,lowest_coverage,1438,42,7,13271,COG
100935,3_dose,lowest_coverage,1979,126,22,69433,GAB
100935,4_dose,lowest_coverage,2495,156,27,84901,GAB
100936,3_dose,lowest_coverage,673,39,7,23945,GAB
100936,4_dose,lowest_coverage,763,45,8,28955,GAB
100937,3_dose,lowest_coverage,197,11,2,5777,GAB
100937,4_dose,lowest_coverage,231,13,2,6954,GAB
100938,3_dose,lowest_coverage,398,20,3,9240,GAB
100938,4_dose,lowest_coverage,464,24,4,11344,GAB
100939,3_dose,lowest_coverage,156,8,1,4278,GAB
100939,4_dose,lowest_coverage,172,9,1,5193,GAB
100940,3_dose,lowest_coverage,260,15,3,6192,GAB
100940,4_dose,lowest_coverage,252,15,3,7464,GAB
100941,3_dose,lowest_coverage,148,9,2,6232,GAB
100941,4_dose,lowest_coverage,180,11,2,7755,GAB
100942,3_dose,lowest_coverage,263,15,3,12150,GAB
100942,4_dose,lowest_coverage,278,16,3,14784,GAB
100943,3_dose,lowest_coverage,481,28,5,14900,GAB
100943,4_dose,lowest_coverage,530,29,5,18073,GAB
100975,3_dose,lowest_coverage,47462,1877,324,469792,GHA
100975,4_dose,lowest_coverage,55026,2081,359,568666,GHA
100976,3_dose,lowest_coverage,50124,1331,230,227176,GHA
100976,4_dose,lowest_coverage,57449,1499,258,275195,GHA
100977,3_dose,lowest_coverage,48995,1046,180,206831,GHA
100977,4_dose,lowest_coverage,61148,1234,213,252572,GHA
100978,3_dose,lowest_coverage,69581,1348,232,259281,GHA
100978,4_dose,lowest_coverage,81301,1606,277,313324,GHA
100979,3_dose,lowest_coverage,16674,855,147,333477,GHA
100979,4_dose,lowest_coverage,19251,987,170,406731,GHA
100980,3_dose,lowest_coverage,57910,1251,216,239231,GHA
100980,4_dose,lowest_coverage,67665,1446,249,291660,GHA
100981,3_dose,lowest_coverage,8301,358,62,100646,GHA
100981,4_dose,lowest_coverage,10477,440,76,122350,GHA
100982,3_dose,lowest_coverage,12074,372,64,66621,GHA
100982,4_dose,lowest_coverage,14278,413,71,82087,GHA
100983,3_dose,lowest_coverage,59341,1221,211,213095,GHA
100983,4_dose,lowest_coverage,69651,1356,234,259121,GHA
100984,3_dose,lowest_coverage,56359,1104,190,223548,GHA
100984,4_dose,lowest_coverage,66254,1298,224,271670,GHA
100985,3_dose,lowest_coverage,3152,152,28,138229,GIN
100985,4_dose,lowest_coverage,3982,170,32,168137,GIN
100986,3_dose,lowest_coverage,6174,298,55,182754,GIN
100986,4_dose,lowest_coverage,6774,320,59,224222,GIN
100987,3_dose,lowest_coverage,12778,265,49,107588,GIN
100987,4_dose,lowest_coverage,15094,301,56,130423,GIN
100988,3_dose,lowest_coverage,16600,584,108,198688,GIN
100988,4_dose,lowest_coverage,19885,612,114,242554,GIN
100989,3_dose,lowest_coverage,27692,527,98,213537,GIN
100989,4_dose,lowest_coverage,33950,690,128,257762,GIN
100990,3_dose,lowest_coverage,4982,223,41,125995,GIN
100990,4_dose,lowest_coverage,6011,270,50,153569,GIN
100991,3_dose,lowest_coverage,10752,282,52,106800,GIN
100991,4_dose,lowest_coverage,9024,259,48,130139,GIN
100992,3_dose,lowest_coverage,51478,786,146,301206,GIN
100992,4_dose,lowest_coverage,56202,894,166,368596,GIN
101013,3_dose,lowest_coverage,280,9,1,10804,GNQ
101013,4_dose,lowest_coverage,437,12,2,13098,GNQ
101014,3_dose,lowest_coverage,646,20,3,14265,GNQ
101014,4_dose,lowest_coverage,769,19,3,17405,GNQ
101015,3_dose,lowest_coverage,819,27,4,23182,GNQ
101015,4_dose,lowest_coverage,974,32,5,28295,GNQ
101016,3_dose,lowest_coverage,921,22,3,13103,GNQ
101016,4_dose,lowest_coverage,1115,27,4,16129,GNQ
101461,3_dose,lowest_coverage,303,24,4,58471,KEN
101461,4_dose,lowest_coverage,439,36,6,71406,KEN
101462,3_dose,lowest_coverage,70,6,1,92425,KEN
101462,4_dose,lowest_coverage,-80,-7,-1,112609,KEN
101463,3_dose,lowest_coverage,4743,299,47,193800,KEN
101463,4_dose,lowest_coverage,6046,360,57,233924,KEN
101464,3_dose,lowest_coverage,9403,309,49,87328,KEN
101464,4_dose,lowest_coverage,11867,385,61,106025,KEN
101465,3_dose,lowest_coverage,73,6,1,21001,KEN
101465,4_dose,lowest_coverage,44,4,1,25557,KEN
101466,3_dose,lowest_coverage,263,22,3,73977,KEN
101466,4_dose,lowest_coverage,199,17,3,89138,KEN
101467,3_dose,lowest_coverage,333,26,4,64292,KEN
101467,4_dose,lowest_coverage,300,23,4,77312,KEN
101468,3_dose,lowest_coverage,3662,214,34,125598,KEN
101468,4_dose,lowest_coverage,4134,237,38,154313,KEN
101469,3_dose,lowest_coverage,90,8,1,16600,KEN
101469,4_dose,lowest_coverage,96,8,1,20191,KEN
101470,3_dose,lowest_coverage,122,10,2,54815,KEN
101470,4_dose,lowest_coverage,238,19,3,67030,KEN
101471,3_dose,lowest_coverage,7250,381,60,187095,KEN
101471,4_dose,lowest_coverage,8376,443,70,229909,KEN
101472,3_dose,lowest_coverage,-85,-6,-1,90257,KEN
101472,4_dose,lowest_coverage,-58,-4,-1,109326,KEN
101473,3_dose,lowest_coverage,350,28,4,96408,KEN
101473,4_dose,lowest_coverage,444,38,6,118201,KEN
101474,3_dose,lowest_coverage,2676,180,29,134908,KEN
101474,4_dose,lowest_coverage,3439,220,35,163584,KEN
101475,3_dose,lowest_coverage,316,25,4,77320,KEN
101475,4_dose,lowest_coverage,370,31,5,94348,KEN
101476,3_dose,lowest_coverage,1328,101,16,160246,KEN
101476,4_dose,lowest_coverage,1500,115,18,193910,KEN
101477,3_dose,lowest_coverage,5125,282,45,142914,KEN
101477,4_dose,lowest_coverage,5031,279,44,172206,KEN
101478,3_dose,lowest_coverage,764,63,10,135251,KEN
101478,4_dose,lowest_coverage,632,52,8,165051,KEN
101479,3_dose,lowest_coverage,3607,188,30,87630,KEN
101479,4_dose,lowest_coverage,4384,218,35,106097,KEN
101480,3_dose,lowest_coverage,141,12,2,26710,KEN
101480,4_dose,lowest_coverage,162,14,2,32512,KEN
101481,3_dose,lowest_coverage,18,2,0,12093,KEN
101481,4_dose,lowest_coverage,59,5,1,14856,KEN
101482,3_dose,lowest_coverage,683,57,9,152642,KEN
101482,4_dose,lowest_coverage,717,61,10,185047,KEN
101483,3_dose,lowest_coverage,852,68,11,128727,KEN
101483,4_dose,lowest_coverage,857,68,11,156357,KEN
101484,3_dose,lowest_coverage,162,15,2,42489,KEN
101484,4_dose,lowest_coverage,241,20,3,51139,KEN
101485,3_dose,lowest_coverage,93,9,1,29788,KEN
101485,4_dose,lowest_coverage,127,11,2,36074,KEN
101486,3_dose,lowest_coverage,1775,135,21,168389,KEN
101486,4_dose,lowest_coverage,1954,143,23,202729,KEN
101487,3_dose,lowest_coverage,3488,212,34,116819,KEN
101487,4_dose,lowest_coverage,3847,234,37,143663,KEN
101488,3_dose,lowest_coverage,1661,106,17,116791,KEN
101488,4_dose,lowest_coverage,1920,126,20,143317,KEN
101489,3_dose,lowest_coverage,405,33,5,133931,KEN
101489,4_dose,lowest_coverage,486,41,6,162330,KEN
101490,3_dose,lowest_coverage,24,2,0,3153,KEN
101490,4_dose,lowest_coverage,20,2,0,3842,KEN
101491,3_dose,lowest_coverage,311,27,4,127336,KEN
101491,4_dose,lowest_coverage,549,47,7,154014,KEN
101492,3_dose,lowest_coverage,607,49,8,93858,KEN
101492,4_dose,lowest_coverage,701,56,9,113890,KEN
101493,3_dose,lowest_coverage,74,6,1,65976,KEN
101493,4_dose,lowest_coverage,126,11,2,80928,KEN
101494,3_dose,lowest_coverage,666,51,8,78419,KEN
101494,4_dose,lowest_coverage,487,38,6,94553,KEN
101495,3_dose,lowest_coverage,-0,-0,-0,1324,KEN
101495,4_dose,lowest_coverage,-3,-0,-0,1608,KEN
101496,3_dose,lowest_coverage,-37,-3,-0,70581,KEN
101496,4_dose,lowest_coverage,91,7,1,86239,KEN
101497,3_dose,lowest_coverage,154,11,2,17652,KEN
101497,4_dose,lowest_coverage,155,11,2,21528,KEN
101498,3_dose,lowest_coverage,13036,416,66,123829,KEN
101498,4_dose,lowest_coverage,14726,457,73,150158,KEN
101499,3_dose,lowest_coverage,322,24,4,41859,KEN
101499,4_dose,lowest_coverage,307,24,4,51337,KEN
101500,3_dose,lowest_coverage,226,18,3,32444,KEN
101500,4_dose,lowest_coverage,262,21,3,39531,KEN
101501,3_dose,lowest_coverage,131,11,2,48990,KEN
101501,4_dose,lowest_coverage,198,17,3,59867,KEN
101502,3_dose,lowest_coverage,541,42,7,94064,KEN
101502,4_dose,lowest_coverage,530,43,7,114356,KEN
101503,3_dose,lowest_coverage,2303,131,21,71549,KEN
101503,4_dose,lowest_coverage,2507,151,24,86905,KEN
101504,3_dose,lowest_coverage,395,33,5,83960,KEN
101504,4_dose,lowest_coverage,399,33,5,101948,KEN
101505,3_dose,lowest_coverage,3793,186,29,81178,KEN
101505,4_dose,lowest_coverage,4928,236,37,97968,KEN
101506,3_dose,lowest_coverage,254,23,4,52277,KEN
101506,4_dose,lowest_coverage,263,23,4,63288,KEN
101507,3_dose,lowest_coverage,1199,69,11,45745,KEN
101507,4_dose,lowest_coverage,1345,81,13,55429,KEN
101605,3_dose,lowest_coverage,1275,55,9,15996,LBR
101605,4_dose,lowest_coverage,1499,62,10,19301,LBR
101606,3_dose,lowest_coverage,2880,123,20,46360,LBR
101606,4_dose,lowest_coverage,3103,146,24,56029,LBR
101607,3_dose,lowest_coverage,1301,44,7,11820,LBR
101607,4_dose,lowest_coverage,1525,52,8,14399,LBR
101608,3_dose,lowest_coverage,2003,65,11,16902,LBR
101608,4_dose,lowest_coverage,2109,70,11,20527,LBR
101609,3_dose,lowest_coverage,1350,72,12,28815,LBR
101609,4_dose,lowest_coverage,1726,85,14,35331,LBR
101610,3_dose,lowest_coverage,923,45,7,17380,LBR
101610,4_dose,lowest_coverage,1148,54,9,21253,LBR
101611,3_dose,lowest_coverage,837,31,5,8317,LBR
101611,4_dose,lowest_coverage,947,34,6,10114,LBR
101612,3_dose,lowest_coverage,3037,124,20,39630,LBR
101612,4_dose,lowest_coverage,3574,149,24,48147,LBR
101613,3_dose,lowest_coverage,2415,111,18,38405,LBR
101613,4_dose,lowest_coverage,2837,126,21,46984,LBR
101614,3_dose,lowest_coverage,1020,49,8,17244,LBR
101614,4_dose,lowest_coverage,1358,62,10,20848,LBR
101615,3_dose,lowest_coverage,3408,208,34,138667,LBR
101615,4_dose,lowest_coverage,4496,282,46,167198,LBR
101616,3_dose,lowest_coverage,3082,154,25,67320,LBR
101616,4_dose,lowest_coverage,3131,167,27,81978,LBR
101617,3_dose,lowest_coverage,524,25,4,9667,LBR
101617,4_dose,lowest_coverage,646,30,5,11873,LBR
101618,3_dose,lowest_coverage,887,29,5,11336,LBR
101618,4_dose,lowest_coverage,1260,42,7,13711,LBR
101619,3_dose,lowest_coverage,847,37,6,13484,LBR
101619,4_dose,lowest_coverage,1055,46,8,16570,LBR
101893,3_dose,lowest_coverage,1911,141,26,331071,MLI
101893,4_dose,lowest_coverage,1708,129,24,398634,MLI
101894,3_dose,lowest_coverage,2959,148,28,83150,MLI
101894,4_dose,lowest_coverage,3349,164,31,100696,MLI
101895,3_dose,lowest_coverage,26701,1136,213,392408,MLI
101895,4_dose,lowest_coverage,29704,1195,223,471890,MLI
101896,3_dose,lowest_coverage,248,13,2,8133,MLI
101896,4_dose,lowest_coverage,295,15,3,9765,MLI
101897,3_dose,lowest_coverage,18194,887,166,503081,MLI
101897,4_dose,lowest_coverage,24912,1098,205,612787,MLI
101898,3_dose,lowest_coverage,42721,1285,240,401458,MLI
101898,4_dose,lowest_coverage,48089,1457,273,488123,MLI
101899,3_dose,lowest_coverage,33137,1155,216,461427,MLI
101899,4_dose,lowest_coverage,39288,1347,252,556776,MLI
101900,3_dose,lowest_coverage,57871,1489,279,518194,MLI
101900,4_dose,lowest_coverage,72979,1883,352,623830,MLI
101901,3_dose,lowest_coverage,12800,357,67,114297,MLI
101901,4_dose,lowest_coverage,14999,403,75,139285,MLI
101969,3_dose,lowest_coverage,28303,925,152,256058,MOZ
101969,4_dose,lowest_coverage,32656,1040,171,310670,MOZ
101970,3_dose,lowest_coverage,5216,291,48,161993,MOZ
101970,4_dose,lowest_coverage,5855,332,55,195147,MOZ
101971,3_dose,lowest_coverage,11486,534,88,205452,MOZ
101971,4_dose,lowest_coverage,12733,600,99,249046,MOZ
101972,3_dose,lowest_coverage,12663,635,104,255573,MOZ
101972,4_dose,lowest_coverage,14171,696,114,308709,MOZ
101973,3_dose,lowest_coverage,2149,137,23,118222,MOZ
101973,4_dose,lowest_coverage,2350,149,25,142616,MOZ
101974,3_dose,lowest_coverage,3051,217,36,278193,MOZ
101974,4_dose,lowest_coverage,3848,277,46,340539,MOZ
101975,3_dose,lowest_coverage,149386,3432,564,656881,MOZ
101975,4_dose,lowest_coverage,198933,4034,663,812051,MOZ
101976,3_dose,lowest_coverage,22093,772,127,216455,MOZ
101976,4_dose,lowest_coverage,25295,804,132,264160,MOZ
101977,3_dose,lowest_coverage,21789,900,148,263586,MOZ
101977,4_dose,lowest_coverage,24199,1035,170,315680,MOZ
101978,3_dose,lowest_coverage,29488,1240,204,329080,MOZ
101978,4_dose,lowest_coverage,33998,1410,232,399622,MOZ
101979,3_dose,lowest_coverage,128681,2496,410,644279,MOZ
101979,4_dose,lowest_coverage,158753,3358,552,794648,MOZ
102012,3_dose,lowest_coverage,6414,252,41,55959,MWI
102012,4_dose,lowest_coverage,6964,258,42,67998,MWI
102013,3_dose,lowest_coverage,7601,414,67,166992,MWI
102013,4_dose,lowest_coverage,8555,448,73,204473,MWI
102014,3_dose,lowest_coverage,4728,214,35,73994,MWI
102014,4_dose,lowest_coverage,5935,253,41,89618,MWI
102015,3_dose,lowest_coverage,1718,100,16,46180,MWI
102015,4_dose,lowest_coverage,2001,111,18,55956,MWI
102016,3_dose,lowest_coverage,2831,110,18,29470,MWI
102016,4_dose,lowest_coverage,3340,133,22,36073,MWI
102017,3_dose,lowest_coverage,7275,317,51,103148,MWI
102017,4_dose,lowest_coverage,9499,401,65,127343,MWI
102018,3_dose,lowest_coverage,7955,335,54,91020,MWI
102018,4_dose,lowest_coverage,7533,322,52,110425,MWI
102019,3_dose,lowest_coverage,4281,171,28,47693,MWI
102019,4_dose,lowest_coverage,5100,203,33,58059,MWI
102020,3_dose,lowest_coverage,12563,465,76,104856,MWI
102020,4_dose,lowest_coverage,15247,545,88,128521,MWI
102021,3_dose,lowest_coverage,2,0,0,25,MWI
102021,4_dose,lowest_coverage,2,0,0,31,MWI
102022,3_dose,lowest_coverage,23791,1071,174,326310,MWI
102022,4_dose,lowest_coverage,26772,1202,195,397801,MWI
102023,3_dose,lowest_coverage,8941,324,53,81627,MWI
102023,4_dose,lowest_coverage,10196,366,59,99830,MWI
102024,3_dose,lowest_coverage,15238,589,96,137093,MWI
102024,4_dose,lowest_coverage,18004,697,113,165228,MWI
102025,3_dose,lowest_coverage,6053,270,44,77035,MWI
102025,4_dose,lowest_coverage,6513,279,45,92773,MWI
102026,3_dose,lowest_coverage,5263,262,42,87755,MWI
102026,4_dose,lowest_coverage,6041,299,48,107366,MWI
102027,3_dose,lowest_coverage,1344,57,9,15335,MWI
102027,4_dose,lowest_coverage,1662,69,11,18503,MWI
102028,3_dose,lowest_coverage,15317,595,96,143763,MWI
102028,4_dose,lowest_coverage,18060,654,106,176216,MWI
102029,3_dose,lowest_coverage,1571,65,11,17987,MWI
102029,4_dose,lowest_coverage,1971,79,13,21645,MWI
102030,3_dose,lowest_coverage,3915,152,25,39975,MWI
102030,4_dose,lowest_coverage,4539,176,29,48864,MWI
102031,3_dose,lowest_coverage,6598,236,38,54248,MWI
102031,4_dose,lowest_coverage,7599,266,43,65832,MWI
102032,3_dose,lowest_coverage,2944,118,19,37116,MWI
102032,4_dose,lowest_coverage,3935,158,26,44821,MWI
102033,3_dose,lowest_coverage,7766,264,43,76720,MWI
102033,4_dose,lowest_coverage,9556,326,53,92572,MWI
102034,3_dose,lowest_coverage,3139,130,21,37944,MWI
102034,4_dose,lowest_coverage,3796,152,25,45671,MWI
102035,3_dose,lowest_coverage,2899,141,23,52966,MWI
102035,4_dose,lowest_coverage,3349,167,27,64751,MWI
102036,3_dose,lowest_coverage,2715,107,17,30197,MWI
102036,4_dose,lowest_coverage,3432,131,21,36427,MWI
102037,3_dose,lowest_coverage,4261,190,31,59882,MWI
102037,4_dose,lowest_coverage,5045,209,34,72133,MWI
102038,3_dose,lowest_coverage,6369,310,50,97621,MWI
102038,4_dose,lowest_coverage,7768,375,61,118552,MWI
102039,3_dose,lowest_coverage,6737,335,54,114238,MWI
102039,4_dose,lowest_coverage,7729,381,62,138219,MWI
102076,3_dose,lowest_coverage,105,9,1,18836,NAM
102076,4_dose,lowest_coverage,105,9,1,22878,NAM
102089,3_dose,lowest_coverage,2118,136,23,91951,NER
102089,4_dose,lowest_coverage,1999,133,23,111834,NER
102090,3_dose,lowest_coverage,3318,193,33,97722,NER
102090,4_dose,lowest_coverage,4097,231,39,118644,NER
102091,3_dose,lowest_coverage,70834,2086,354,515636,NER
102091,4_dose,lowest_coverage,79888,2424,411,624279,NER
102092,3_dose,lowest_coverage,66645,2657,451,794805,NER
102092,4_dose,lowest_coverage,74633,2990,507,958149,NER
102093,3_dose,lowest_coverage,12392,664,113,303285,NER
102093,4_dose,lowest_coverage,14480,773,131,369014,NER
102094,3_dose,lowest_coverage,81404,2784,472,641241,NER
102094,4_dose,lowest_coverage,73220,2626,446,772172,NER
102095,3_dose,lowest_coverage,44404,2030,344,626864,NER
102095,4_dose,lowest_coverage,52298,2362,401,765657,NER
102096,3_dose,lowest_coverage,29688,1532,260,681600,NER
102096,4_dose,lowest_coverage,35604,1868,317,821390,NER
102097,3_dose,lowest_coverage,6211,362,59,513647,NGA
102097,4_dose,lowest_coverage,5805,378,61,622710,NGA
102098,3_dose,lowest_coverage,33520,618,100,494061,NGA
102098,4_dose,lowest_coverage,44786,999,162,600424,NGA
102099,3_dose,lowest_coverage,7027,380,62,661164,NGA
102099,4_dose,lowest_coverage,7467,418,68,804006,NGA
102100,3_dose,lowest_coverage,4818,373,61,736083,NGA
102100,4_dose,lowest_coverage,5837,400,65,888037,NGA
102101,3_dose,lowest_coverage,19763,808,131,807498,NGA
102101,4_dose,lowest_coverage,25424,1056,172,985035,NGA
102102,3_dose,lowest_coverage,12486,563,92,272362,NGA
102102,4_dose,lowest_coverage,13178,581,94,329076,NGA
102103,3_dose,lowest_coverage,51430,1745,284,733624,NGA
102103,4_dose,lowest_coverage,55884,1935,314,898715,NGA
102104,3_dose,lowest_coverage,14958,786,128,724245,NGA
102104,4_dose,lowest_coverage,25936,1218,198,878663,NGA
102105,3_dose,lowest_coverage,30784,884,144,514468,NGA
102105,4_dose,lowest_coverage,38667,1136,185,615958,NGA
102106,3_dose,lowest_coverage,5598,408,66,687075,NGA
102106,4_dose,lowest_coverage,7877,426,69,825256,NGA
102107,3_dose,lowest_coverage,16118,665,108,357230,NGA
102107,4_dose,lowest_coverage,18762,782,127,432619,NGA
102108,3_dose,lowest_coverage,16666,719,117,583281,NGA
102108,4_dose,lowest_coverage,18684,829,135,708758,NGA
102109,3_dose,lowest_coverage,23579,720,117,388277,NGA
102109,4_dose,lowest_coverage,27788,876,142,477302,NGA
102110,3_dose,lowest_coverage,8535,498,81,566069,NGA
102110,4_dose,lowest_coverage,11105,680,111,688790,NGA
102111,3_dose,lowest_coverage,5660,281,46,216293,NGA
102111,4_dose,lowest_coverage,6444,336,55,262169,NGA
102112,3_dose,lowest_coverage,37885,949,154,419651,NGA
102112,4_dose,lowest_coverage,43554,1006,163,509329,NGA
102113,3_dose,lowest_coverage,10981,682,111,669943,NGA
102113,4_dose,lowest_coverage,9638,597,97,807734,NGA
102114,3_dose,lowest_coverage,35788,1137,185,781980,NGA
102114,4_dose,lowest_coverage,42958,1524,248,950496,NGA
102115,3_dose,lowest_coverage,91204,2255,366,1068552,NGA
102115,4_dose,lowest_coverage,101446,2458,400,1300258,NGA
102116,3_dose,lowest_coverage,47984,2123,345,1643715,NGA
102116,4_dose,lowest_coverage,62990,2748,447,1995219,NGA
102117,3_dose,lowest_coverage,53941,2010,327,1010528,NGA
102117,4_dose,lowest_coverage,55937,2024,329,1231956,NGA
102118,3_dose,lowest_coverage,46940,970,158,567461,NGA
102118,4_dose,lowest_coverage,85945,1439,234,689553,NGA
102119,3_dose,lowest_coverage,7144,328,53,580801,NGA
102119,4_dose,lowest_coverage,9887,563,92,706428,NGA
102120,3_dose,lowest_coverage,34766,942,153,431167,NGA
102120,4_dose,lowest_coverage,38664,1026,167,527148,NGA
102121,3_dose,lowest_coverage,5356,364,59,1725045,NGA
102121,4_dose,lowest_coverage,17630,1260,205,2082229,NGA
102122,3_dose,lowest_coverage,18729,402,65,336881,NGA
102122,4_dose,lowest_coverage,23016,495,80,405608,NGA
102123,3_dose,lowest_coverage,50959,1300,211,674214,NGA
102123,4_dose,lowest_coverage,64942,1631,265,816948,NGA
102124,3_dose,lowest_coverage,25411,1146,186,634703,NGA
102124,4_dose,lowest_coverage,27558,1151,187,766047,NGA
102125,3_dose,lowest_coverage,36292,1137,185,539215,NGA
102125,4_dose,lowest_coverage,43598,1406,228,657641,NGA
102126,3_dose,lowest_coverage,35188,1314,214,679939,NGA
102126,4_dose,lowest_coverage,48189,1634,266,832401,NGA
102127,3_dose,lowest_coverage,84124,2295,373,998083,NGA
102127,4_dose,lowest_coverage,96631,2765,449,1218690,NGA
102128,3_dose,lowest_coverage,63547,1924,313,560154,NGA
102128,4_dose,lowest_coverage,69820,1951,317,677142,NGA
102129,3_dose,lowest_coverage,5462,303,49,760697,NGA
102129,4_dose,lowest_coverage,4158,224,36,914414,NGA
102130,3_dose,lowest_coverage,91561,1484,241,625624,NGA
102130,4_dose,lowest_coverage,97429,1524,248,761763,NGA
102131,3_dose,lowest_coverage,38988,1010,164,404145,NGA
102131,4_dose,lowest_coverage,52409,1157,188,492473,NGA
102132,3_dose,lowest_coverage,16297,702,114,402483,NGA
102132,4_dose,lowest_coverage,20003,830,135,492695,NGA
102133,3_dose,lowest_coverage,90021,1789,291,565801,NGA
102133,4_dose,lowest_coverage,96861,1759,286,681640,NGA
102759,3_dose,lowest_coverage,28136,728,115,159401,SLE
102759,4_dose,lowest_coverage,33765,860,136,194473,SLE
102760,3_dose,lowest_coverage,37322,1052,166,220754,SLE
102760,4_dose,lowest_coverage,44273,1281,202,269895,SLE
102761,3_dose,lowest_coverage,21522,620,98,138839,SLE
102761,4_dose,lowest_coverage,23927,677,107,168018,SLE
102762,3_dose,lowest_coverage,4923,264,42,104581,SLE
102762,4_dose,lowest_coverage,5639,303,48,126754,SLE
102831,3_dose,lowest_coverage,2500,107,20,183108,SSD
102831,4_dose,lowest_coverage,3605,167,32,226640,SSD
102832,3_dose,lowest_coverage,3690,170,32,138227,SSD
102832,4_dose,lowest_coverage,4483,202,38,169882,SSD
102833,3_dose,lowest_coverage,997,71,13,234618,SSD
102833,4_dose,lowest_coverage,2560,145,28,284193,SSD
102834,3_dose,lowest_coverage,1307,54,10,118497,SSD
102834,4_dose,lowest_coverage,1323,59,11,144055,SSD
102835,3_dose,lowest_coverage,1000,52,10,144181,SSD
102835,4_dose,lowest_coverage,1490,79,15,174464,SSD
102836,3_dose,lowest_coverage,519,33,6,101492,SSD
102836,4_dose,lowest_coverage,391,31,6,123600,SSD
102837,3_dose,lowest_coverage,1239,75,14,170842,SSD
102837,4_dose,lowest_coverage,1565,100,19,207892,SSD
102838,3_dose,lowest_coverage,938,45,9,143015,SSD
102838,4_dose,lowest_coverage,1236,73,14,174866,SSD
102839,3_dose,lowest_coverage,114,13,3,42348,SSD
102839,4_dose,lowest_coverage,329,21,4,51417,SSD
102840,3_dose,lowest_coverage,1572,34,6,106036,SSD
102840,4_dose,lowest_coverage,1712,61,12,130316,SSD
102944,3_dose,lowest_coverage,392,29,6,40247,TCD
102944,4_dose,lowest_coverage,384,31,6,48713,TCD
102945,3_dose,lowest_coverage,423,28,5,89013,TCD
102945,4_dose,lowest_coverage,538,35,7,108091,TCD
102946,3_dose,lowest_coverage,14,1,0,834,TCD
102946,4_dose,lowest_coverage,11,1,0,1007,TCD
102947,3_dose,lowest_coverage,1495,82,16,120489,TCD
102947,4_dose,lowest_coverage,2125,112,22,145072,TCD
102948,3_dose,lowest_coverage,68,4,1,6313,TCD
102948,4_dose,lowest_coverage,69,4,1,7600,TCD
102949,3_dose,lowest_coverage,14,1,0,1916,TCD
102949,4_dose,lowest_coverage,15,1,0,2319,TCD
102950,3_dose,lowest_coverage,1110,74,14,102336,TCD
102950,4_dose,lowest_coverage,1007,65,13,122900,TCD
102951,3_dose,lowest_coverage,1187,69,13,105460,TCD
102951,4_dose,lowest_coverage,842,61,12,126613,TCD
102952,3_dose,lowest_coverage,752,41,8,51655,TCD
102952,4_dose,lowest_coverage,1023,57,11,62677,TCD
102953,3_dose,lowest_coverage,1164,76,15,82369,TCD
102953,4_dose,lowest_coverage,1100,71,14,99945,TCD
102954,3_dose,lowest_coverage,897,56,11,91017,TCD
102954,4_dose,lowest_coverage,1257,74,14,111057,TCD
102955,3_dose,lowest_coverage,2622,149,29,180682,TCD
102955,4_dose,lowest_coverage,3080,184,36,218927,TCD
102956,3_dose,lowest_coverage,2613,150,29,115972,TCD
102956,4_dose,lowest_coverage,3156,185,36,141421,TCD
102957,3_dose,lowest_coverage,705,53,10,135299,TCD
102957,4_dose,lowest_coverage,1128,74,15,164323,TCD
102958,3_dose,lowest_coverage,917,54,10,102096,TCD
102958,4_dose,lowest_coverage,1322,77,15,123933,TCD
102959,3_dose,lowest_coverage,3642,152,30,109219,TCD
102959,4_dose,lowest_coverage,4098,183,36,132604,TCD
102960,3_dose,lowest_coverage,486,43,8,134986,TCD
102960,4_dose,lowest_coverage,704,56,11,163798,TCD
102961,3_dose,lowest_coverage,899,43,8,56503,TCD
102961,4_dose,lowest_coverage,1049,46,9,68869,TCD
102962,3_dose,lowest_coverage,755,45,9,60157,TCD
102962,4_dose,lowest_coverage,792,46,9,73307,TCD
102963,3_dose,lowest_coverage,1492,91,18,124171,TCD
102963,4_dose,lowest_coverage,1909,107,21,151542,TCD
102964,3_dose,lowest_coverage,0,0,0,6,TCD
102964,4_dose,lowest_coverage,0,0,0,7,TCD
102965,3_dose,lowest_coverage,4249,231,45,161469,TCD
102965,4_dose,lowest_coverage,4417,209,41,196879,TCD
102966,3_dose,lowest_coverage,720,51,10,91721,TCD
102966,4_dose,lowest_coverage,841,60,12,111775,TCD
102967,3_dose,lowest_coverage,10765,296,54,78058,TGO
102967,4_dose,lowest_coverage,12957,344,62,94443,TGO
102968,3_dose,lowest_coverage,12622,380,69,99603,TGO
102968,4_dose,lowest_coverage,15876,456,83,122483,TGO
102969,3_dose,lowest_coverage,50137,1597,290,321799,TGO
102969,4_dose,lowest_coverage,54930,1761,319,390529,TGO
102970,3_dose,lowest_coverage,34927,936,170,176153,TGO
102970,4_dose,lowest_coverage,39397,1018,185,214492,TGO
102971,3_dose,lowest_coverage,7792,323,59,106476,TGO
102971,4_dose,lowest_coverage,8849,380,69,128614,TGO
103217,3_dose,lowest_coverage,2988,214,31,254364,TZA
103217,4_dose,lowest_coverage,3643,262,38,310616,TZA
103218,3_dose,lowest_coverage,11855,766,111,457660,TZA
103218,4_dose,lowest_coverage,13923,882,128,554703,TZA
103219,3_dose,lowest_coverage,7299,468,68,328148,TZA
103219,4_dose,lowest_coverage,8134,503,73,401866,TZA
103220,3_dose,lowest_coverage,16156,718,104,250118,TZA
103220,4_dose,lowest_coverage,19806,877,127,303592,TZA
103221,3_dose,lowest_coverage,3079,197,29,142584,TZA
103221,4_dose,lowest_coverage,4046,266,39,173783,TZA
103222,3_dose,lowest_coverage,12116,734,107,389954,TZA
103222,4_dose,lowest_coverage,14059,852,124,474112,TZA
103223,3_dose,lowest_coverage,3500,197,29,88687,TZA
103223,4_dose,lowest_coverage,4411,244,35,107807,TZA
103224,3_dose,lowest_coverage,12848,730,106,287512,TZA
103224,4_dose,lowest_coverage,16000,871,126,350414,TZA
103225,3_dose,lowest_coverage,2996,221,32,242847,TZA
103225,4_dose,lowest_coverage,3454,255,37,294866,TZA
103226,3_dose,lowest_coverage,7609,366,53,142333,TZA
103226,4_dose,lowest_coverage,9328,458,66,174260,TZA
103227,3_dose,lowest_coverage,4837,312,45,232429,TZA
103227,4_dose,lowest_coverage,5436,354,51,281905,TZA
103228,3_dose,lowest_coverage,3135,209,30,296114,TZA
103228,4_dose,lowest_coverage,4632,312,45,360278,TZA
103229,3_dose,lowest_coverage,16217,944,137,414135,TZA
103229,4_dose,lowest_coverage,19244,1080,157,503648,TZA
103230,3_dose,lowest_coverage,15891,846,123,333572,TZA
103230,4_dose,lowest_coverage,19413,1011,147,405758,TZA
103231,3_dose,lowest_coverage,9686,528,77,205135,TZA
103231,4_dose,lowest_coverage,12128,629,91,249777,TZA
103232,3_dose,lowest_coverage,13559,771,112,410081,TZA
103232,4_dose,lowest_coverage,15631,889,129,494979,TZA
103233,3_dose,lowest_coverage,2295,140,20,89070,TZA
103233,4_dose,lowest_coverage,2819,182,26,108200,TZA
103234,3_dose,lowest_coverage,813,54,8,42703,TZA
103234,4_dose,lowest_coverage,1084,74,11,52390,TZA
103235,3_dose,lowest_coverage,883,60,9,44144,TZA
103235,4_dose,lowest_coverage,990,65,10,53446,TZA
103236,3_dose,lowest_coverage,7562,438,64,169293,TZA
103236,4_dose,lowest_coverage,8688,503,73,205911,TZA
103237,3_dose,lowest_coverage,3435,232,34,157122,TZA
103237,4_dose,lowest_coverage,4494,287,42,191172,TZA
103238,3_dose,lowest_coverage,9681,507,74,212281,TZA
103238,4_dose,lowest_coverage,11745,628,91,258034,TZA
103239,3_dose,lowest_coverage,8920,521,76,272934,TZA
103239,4_dose,lowest_coverage,10337,588,85,333556,TZA
103240,3_dose,lowest_coverage,6693,437,63,280129,TZA
103240,4_dose,lowest_coverage,7716,494,72,338285,TZA
103241,3_dose,lowest_coverage,5023,333,48,215646,TZA
103241,4_dose,lowest_coverage,5481,371,54,261304,TZA
103242,3_dose,lowest_coverage,13178,778,113,381882,TZA
103242,4_dose,lowest_coverage,15539,911,132,463952,TZA
103243,3_dose,lowest_coverage,7469,494,72,298389,TZA
103243,4_dose,lowest_coverage,8792,596,87,359876,TZA
103244,3_dose,lowest_coverage,362,25,4,24776,TZA
103244,4_dose,lowest_coverage,543,37,5,30098,TZA
103245,3_dose,lowest_coverage,338,23,3,16477,TZA
103245,4_dose,lowest_coverage,418,28,4,20017,TZA
103246,3_dose,lowest_coverage,493,36,5,36199,TZA
103246,4_dose,lowest_coverage,599,44,6,43878,TZA
103247,3_dose,lowest_coverage,1718,86,13,43777,UGA
103247,4_dose,lowest_coverage,1854,99,15,53328,UGA
103248,3_dose,lowest_coverage,15367,597,93,152424,UGA
103248,4_dose,lowest_coverage,19055,711,111,183670,UGA
103249,3_dose,lowest_coverage,7259,409,64,186935,UGA
103249,4_dose,lowest_coverage,9248,507,79,226658,UGA
103250,3_dose,lowest_coverage,5138,175,27,59651,UGA
103250,4_dose,lowest_coverage,6342,223,35,72187,UGA
103251,3_dose,lowest_coverage,1332,78,12,47222,UGA
103251,4_dose,lowest_coverage,1569,92,14,57334,UGA
103252,3_dose,lowest_coverage,3623,231,36,172181,UGA
103252,4_dose,lowest_coverage,4621,280,44,209362,UGA
103253,3_dose,lowest_coverage,3698,131,20,34886,UGA
103253,4_dose,lowest_coverage,4334,146,23,42085,UGA
103254,3_dose,lowest_coverage,12155,416,65,110334,UGA
103254,4_dose,lowest_coverage,13742,476,74,135202,UGA
103255,3_dose,lowest_coverage,4246,194,30,80122,UGA
103255,4_dose,lowest_coverage,5121,234,36,97112,UGA
103256,3_dose,lowest_coverage,19323,706,110,165677,UGA
103256,4_dose,lowest_coverage,23192,817,127,204041,UGA
103257,3_dose,lowest_coverage,10330,403,63,94206,UGA
103257,4_dose,lowest_coverage,11623,411,64,114363,UGA
103258,3_dose,lowest_coverage,77,6,1,6554,UGA
103258,4_dose,lowest_coverage,47,4,1,8073,UGA
103259,3_dose,lowest_coverage,2033,122,19,79572,UGA
103259,4_dose,lowest_coverage,2849,158,25,96996,UGA
103260,3_dose,lowest_coverage,3317,102,16,32285,UGA
103260,4_dose,lowest_coverage,4009,128,20,39381,UGA
103261,3_dose,lowest_coverage,116,7,1,5100,UGA
103261,4_dose,lowest_coverage,139,8,1,6219,UGA
103262,3_dose,lowest_coverage,1986,149,23,285383,UGA
103262,4_dose,lowest_coverage,1971,156,24,345771,UGA
103263,3_dose,lowest_coverage,19341,603,94,169886,UGA
103263,4_dose,lowest_coverage,21606,646,101,204535,UGA
103264,3_dose,lowest_coverage,2236,130,20,64446,UGA
103264,4_dose,lowest_coverage,2296,131,20,78364,UGA
103265,3_dose,lowest_coverage,875,58,9,46752,UGA
103265,4_dose,lowest_coverage,1192,75,12,57276,UGA
103266,3_dose,lowest_coverage,765,50,8,39253,UGA
103266,4_dose,lowest_coverage,894,59,9,47873,UGA
103267,3_dose,lowest_coverage,1927,128,20,116437,UGA
103267,4_dose,lowest_coverage,2390,156,24,141707,UGA
103268,3_dose,lowest_coverage,9740,288,45,70317,UGA
103268,4_dose,lowest_coverage,11711,333,52,84208,UGA
103269,3_dose,lowest_coverage,7291,254,39,69465,UGA
103269,4_dose,lowest_coverage,8897,298,46,84653,UGA
103270,3_dose,lowest_coverage,4238,223,35,96776,UGA
103270,4_dose,lowest_coverage,4757,246,38,117045,UGA
103271,3_dose,lowest_coverage,1568,100,16,53079,UGA
103271,4_dose,lowest_coverage,1741,111,17,64510,UGA
103272,3_dose,lowest_coverage,104,7,1,6765,UGA
103272,4_dose,lowest_coverage,101,7,1,8169,UGA
103273,3_dose,lowest_coverage,6022,239,37,65662,UGA
103273,4_dose,lowest_coverage,7128,264,41,79793,UGA
103274,3_dose,lowest_coverage,21264,642,100,139156,UGA
103274,4_dose,lowest_coverage,25839,794,124,169817,UGA
103275,3_dose,lowest_coverage,9815,335,52,93599,UGA
103275,4_dose,lowest_coverage,11753,410,64,113380,UGA
103276,3_dose,lowest_coverage,3851,195,30,86856,UGA
103276,4_dose,lowest_coverage,4696,238,37,105706,UGA
103279,3_dose,lowest_coverage,12832,412,64,151403,UGA
103279,4_dose,lowest_coverage,16403,514,80,184226,UGA
103280,3_dose,lowest_coverage,4384,197,31,113080,UGA
103280,4_dose,lowest_coverage,5692,264,41,138259,UGA
103281,3_dose,lowest_coverage,6976,374,58,184419,UGA
103281,4_dose,lowest_coverage,8665,469,73,221940,UGA
103282,3_dose,lowest_coverage,7803,315,49,105174,UGA
103282,4_dose,lowest_coverage,9503,374,58,128806,UGA
103283,3_dose,lowest_coverage,4888,179,28,45060,UGA
103283,4_dose,lowest_coverage,5322,191,30,54203,UGA
103284,3_dose,lowest_coverage,5272,297,46,170145,UGA
103284,4_dose,lowest_coverage,6265,347,54,207109,UGA
103285,3_dose,lowest_coverage,6868,409,64,244772,UGA
103285,4_dose,lowest_coverage,7832,470,73,298188,UGA
103286,3_dose,lowest_coverage,5459,172,27,43424,UGA
103286,4_dose,lowest_coverage,6240,196,30,52677,UGA
103287,3_dose,lowest_coverage,1039,67,10,46208,UGA
103287,4_dose,lowest_coverage,1240,79,12,56461,UGA
103288,3_dose,lowest_coverage,2758,176,27,95213,UGA
103288,4_dose,lowest_coverage,3309,202,31,116005,UGA
103289,3_dose,lowest_coverage,5188,298,46,161950,UGA
103289,4_dose,lowest_coverage,5731,333,52,196930,UGA
103290,3_dose,lowest_coverage,9088,437,68,186345,UGA
103290,4_dose,lowest_coverage,11795,578,90,226844,UGA
103291,3_dose,lowest_coverage,3698,118,18,36174,UGA
103291,4_dose,lowest_coverage,4852,162,25,44463,UGA
103292,3_dose,lowest_coverage,2191,98,15,30197,UGA
103292,4_dose,lowest_coverage,2617,111,17,36649,UGA
103293,3_dose,lowest_coverage,9204,303,47,93541,UGA
103293,4_dose,lowest_coverage,11166,373,58,113242,UGA
103294,3_dose,lowest_coverage,1015,69,11,91319,UGA
103294,4_dose,lowest_coverage,1479,99,15,110991,UGA
103295,3_dose,lowest_coverage,9137,332,52,77051,UGA
103295,4_dose,lowest_coverage,10310,378,59,93493,UGA
103296,3_dose,lowest_coverage,13267,479,75,123714,UGA
103296,4_dose,lowest_coverage,15156,537,84,149283,UGA
103297,3_dose,lowest_coverage,5471,272,42,109940,UGA
103297,4_dose,lowest_coverage,6643,319,50,134144,UGA
103298,3_dose,lowest_coverage,1536,91,14,59224,UGA
103298,4_dose,lowest_coverage,1734,104,16,71301,UGA
103299,3_dose,lowest_coverage,1943,101,16,42494,UGA
103299,4_dose,lowest_coverage,2815,130,20,51452,UGA
103300,3_dose,lowest_coverage,2002,108,17,55141,UGA
103300,4_dose,lowest_coverage,2359,124,19,66738,UGA
103301,3_dose,lowest_coverage,7330,273,42,87199,UGA
103301,4_dose,lowest_coverage,9097,331,52,105619,UGA
103302,3_dose,lowest_coverage,13842,472,73,125561,UGA
103302,4_dose,lowest_coverage,15478,530,82,152850,UGA
103303,3_dose,lowest_coverage,3577,234,36,238112,UGA
103303,4_dose,lowest_coverage,4274,287,45,290134,UGA
103304,3_dose,lowest_coverage,2446,132,20,60791,UGA
103304,4_dose,lowest_coverage,2993,163,25,73864,UGA
103591,3_dose,lowest_coverage,17133,832,127,256985,ZMB
103591,4_dose,lowest_coverage,20928,1032,157,313369,ZMB
103592,3_dose,lowest_coverage,25009,1147,175,364790,ZMB
103592,4_dose,lowest_coverage,30072,1356,207,442495,ZMB
103593,3_dose,lowest_coverage,20974,838,128,298317,ZMB
103593,4_dose,lowest_coverage,27275,1116,170,363075,ZMB
103594,3_dose,lowest_coverage,42480,1076,164,179190,ZMB
103594,4_dose,lowest_coverage,46032,1155,176,219141,ZMB
103595,3_dose,lowest_coverage,5237,360,55,391769,ZMB
103595,4_dose,lowest_coverage,6642,453,69,476566,ZMB
103596,3_dose,lowest_coverage,28244,725,110,135663,ZMB
103596,4_dose,lowest_coverage,32828,816,124,165406,ZMB
103597,3_dose,lowest_coverage,19215,583,89,130382,ZMB
103597,4_dose,lowest_coverage,22726,681,104,157285,ZMB
103598,3_dose,lowest_coverage,29376,979,149,208065,ZMB
103598,4_dose,lowest_coverage,34875,1097,167,253248,ZMB
103599,3_dose,lowest_coverage,2366,194,30,299351,ZMB
103599,4_dose,lowest_coverage,3230,259,40,364290,ZMB
103600,3_dose,lowest_coverage,13542,587,89,161900,ZMB
103600,4_dose,lowest_coverage,15617,655,100,196049,ZMB
